datetime,open,high,low,close,volume
2024-08-08T00:00:00+00:00,75.458,80.148,74.587,77.259,428804
2024-08-15T00:00:00+00:00,77.259,78.579,71.448,71.788,400515
2024-08-22T00:00:00+00:00,71.788,77.579,71.567,74.477,334511
2024-08-29T00:00:00+00:00,74.477,76.889,68.803,69.283,480090
2024-09-05T00:00:00+00:00,69.283,70.799,65.249,67.244,562324
2024-09-12T00:00:00+00:00,67.244,71.909,67.218,70.327,424118
2024-09-19T00:00:00+00:00,70.327,72.477,69.238,69.557,393185
2024-09-26T00:00:00+00:00,69.557,72.469,66.323,70.854,636927
2024-10-03T00:00:00+00:00,70.854,78.438,70.517,73.359,671296
2024-10-10T00:00:00+00:00,73.359,76.224,69.632,70.699,533508
2024-10-17T00:00:00+00:00,70.699,72.074,68.668,71.177,434566
2024-10-24T00:00:00+00:00,71.177,72.319,66.707,68.929,406705
2024-10-31T00:00:00+00:00,68.929,72.654,68.277,71.707,429738
2024-11-07T00:00:00+00:00,71.707,72.859,66.927,68.008,390230
2024-11-14T00:00:00+00:00,68.008,69.93900000000001,66.587,69.017,359166
2024-11-21T00:00:00+00:00,69.017,71.489,68.034,68.767,354663
2024-11-28T00:00:00+00:00,68.767,70.494,67.692,68.747,280839
2024-12-05T00:00:00+00:00,68.747,70.514,66.959,70.343,280384
2024-12-12T00:00:00+00:00,70.343,71.398,69.117,69.418,264770
2024-12-19T00:00:00+00:00,69.418,70.562,68.427,70.159,183981
2024-12-26T00:00:00+00:00,70.159,71.999,69.31400000000001,71.899,154831
2025-01-02T00:00:00+00:00,71.899,75.277,71.779,73.218,282358
2025-01-09T00:00:00+00:00,73.218,80.759,72.822,80.373,470453
2025-01-16T00:00:00+00:00,80.373,80.578,75.037,75.202,427434
2025-01-23T00:00:00+00:00,75.202,75.977,72.313,72.899,329125
2025-01-30T00:00:00+00:00,72.899,75.159,70.649,71.218,440548
2025-02-06T00:00:00+00:00,71.218,73.658,70.407,71.187,292800
2025-02-13T00:00:00+00:00,71.187,73.019,70.112,72.099,250736
2025-02-20T00:00:00+00:00,72.099,73.123,68.349,68.789,228330
2025-02-27T00:00:00+00:00,68.789,70.578,65.208,66.448,299980
2025-03-06T00:00:00+00:00,66.448,68.198,65.277,67.643,322280
2025-03-13T00:00:00+00:00,67.643,68.703,66.197,67.079,252512
2025-03-20T00:00:00+00:00,67.079,70.194,66.608,69.714,177965
2025-03-27T00:00:00+00:00,69.714,72.252,68.823,69.338,231289
2025-04-03T00:00:00+00:00,69.338,70.129,55.102,62.929,1131448
2025-04-10T00:00:00+00:00,62.929,63.074,58.739,62.957,609898
2025-04-17T00:00:00+00:00,62.957,64.849,61.502,62.089,252303
2025-04-24T00:00:00+00:00,62.833,63.678,57.897,58.343,297853
2025-05-01T00:00:00+00:00,58.343,60.232,55.293,58.062,381501
2025-05-08T00:00:00+00:00,58.062,63.879,57.974,62.168,279305
2025-05-15T00:00:00+00:00,62.168,64.158,60.448,61.324,300596
2025-05-22T00:00:00+00:00,61.324,62.514,60.024,62.228,244663
2025-05-29T00:00:00+00:00,62.228,63.933,59.793,62.618,298186
2025-06-05T00:00:00+00:00,62.618,68.993,62.489,68.548,229655
2025-06-12T00:00:00+00:00,68.548,77.602,66.697,75.149,941058
2025-06-19T00:00:00+00:00,75.149,77.644,63.983,65.034,774243
2025-06-26T00:00:00+00:00,65.034,67.568,64.504,67.209,273874
2025-07-03T00:00:00+00:00,67.209,68.919,65.523,68.158,241152
2025-07-10T00:00:00+00:00,68.158,69.628,65.407,66.672,282972
2025-07-17T00:00:00+00:00,66.672,68.938,64.703,65.438,252639
2025-07-24T00:00:00+00:00,65.438,70.499,64.987,70.373,249638
2025-07-31T00:00:00+00:00,70.373,70.399,63.617,64.364,310202
2025-08-07T00:00:00+00:00,64.364,65.089,61.928,62.772,257570
2025-08-14T00:00:00+00:00,62.772,64.139,61.807,62.862,211062
2025-08-21T00:00:00+00:00,62.862,63.909,62.497,63.772,71234
2025-09-11T00:00:00+00:00,63.278,64.739,62.877,64.082,81811
2025-09-18T00:00:00+00:00,64.082,65.029,61.602,64.707,168139
2025-09-25T00:00:00+00:00,64.707,66.399,61.382,61.813,211500
2025-10-02T00:00:00+00:00,61.813,62.92,60.377,62.039,192945
2025-10-09T00:00:00+00:00,62.039,62.859,57.611000000000004,58.674,258483
2025-10-16T00:00:00+00:00,58.674,60.129,56.332,60.047,278705
2025-10-23T00:00:00+00:00,60.047,62.579,59.687,60.217,299395
2025-10-30T00:00:00+00:00,60.217,61.484,59.507,59.568,223362
2025-11-06T00:00:00+00:00,59.568,61.268,58.177,58.192,224036
2025-11-13T00:00:00+00:00,58.192,60.917,58.102,59.494,256337
2025-11-20T00:00:00+00:00,59.494,60.077,57.087,58.459,249750
2025-11-27T00:00:00+00:00,58.459,59.953,58.254,58.998,146566
2025-12-04T00:00:00+00:00,58.998,60.479,57.637,58.722,150792
2025-12-11T00:00:00+00:00,58.722,58.909,54.967,56.874,204601
2025-12-18T00:00:00+00:00,56.874,58.738,55.597,58.379,139923
2025-12-25T00:00:00+00:00,58.379,58.859,56.642,57.584,107514
2026-01-01T00:00:00+00:00,57.584,58.848,55.749,56.283,181909
2026-01-08T00:00:00+00:00,56.283,62.338,55.957,60.722,326434
2026-01-15T00:00:00+00:00,60.722,61.013,58.633,60.489,295154
2026-01-22T00:00:00+00:00,60.489,63.817,58.939,63.374,293944
2026-01-29T00:00:00+00:00,63.374,66.459,61.097,64.402,601859
2026-02-05T00:00:00+00:00,64.402,65.81400000000001,62.187,64.887,421607
2026-02-12T00:00:00+00:00,64.887,65.544,61.857,65.099,327595
2026-02-19T00:00:00+00:00,65.099,67.264,64.997,65.613,340734
2026-02-26T00:00:00+00:00,65.613,77.957,63.572,75.934,1196612
2026-03-05T00:00:00+00:00,75.934,119.423,74.969,92.434,2516940
2026-03-12T00:00:00+00:00,92.434,101.728,89.892,99.152,1332394
2026-03-19T00:00:00+00:00,99.152,101.649,84.442,91.042,1453327
2026-03-26T00:00:00+00:00,91.042,106.823,89.512,98.852,1208466
2026-04-02T00:00:00+00:00,98.852,117.604,91.053,97.083,1415560
2026-04-09T00:00:00+00:00,97.083,105.598,86.883,90.923,1038305
2026-04-16T00:00:00+00:00,90.923,95.402,80.543,92.717,962105
2026-04-23T00:00:00+00:00,92.717,108.843,92.303,107.957,994617
2026-04-30T00:00:00+00:00,107.957,110.902,88.659,95.868,1281465
2026-05-07T00:00:00+00:00,95.868,103.649,89.842,101.014,928008
2026-05-14T00:00:00+00:00,101.014,109.438,96.933,98.849,832648
2026-05-21T00:00:00+00:00,98.849,102.623,87.753,90.183,875530
2026-05-28T00:00:00+00:00,90.183,96.979,86.332,95.379,763525
2026-06-04T00:00:00+00:00,95.379,95.749,85.952,92.474,815974
2026-06-11T00:00:00+00:00,92.474,92.732,74.567,75.999,817352
2026-06-18T00:00:00+00:00,75.999,78.364,69.623,69.994,514381
2026-06-25T00:00:00+00:00,69.994,72.478,67.907,67.974,502149
2026-07-02T00:00:00+00:00,67.974,76.029,67.029,74.45,519100.5932947295
2026-07-09T00:00:00+00:00,74.45,81.32000000000001,70.78399999999999,80.152,872391.930489395
2026-07-16T00:00:00+00:00,80.152,88.594,78.19100000000002,87.924,763013.0897779877
2026-07-23T00:00:00+00:00,87.924,93.60000000000001,77.05200000000002,83.44200000000002,1002227.4241293599
2026-07-30T00:00:00+00:00,83.44200000000002,86.029,74.23200000000001,74.864,843290.1654237064
2026-08-06T00:00:00+00:00,74.864,84.585,74.564,82.644,732531.877704075
2026-08-13T00:00:00+00:00,82.644,87.02199999999999,80.079,84.283,666523.6478246674
2026-08-20T00:00:00+00:00,84.283,87.672,79.627,81.793,689115.5939070673
2026-08-27T00:00:00+00:00,81.793,92.274,80.77900000000001,91.287,569699
